Category,Title,Company,Location,Workplace,Employment Type,Salary Min,Salary Max,Currency,Salary Unit,Posted At,Fetched At,Sponsorship Signal,Sponsorship Note,E-Verify Status,Description Note,Apply Link
Software Engineer / Full Stack Developer,Software Engineer,Microsoft,United States,Remote,Full-time,,,USD,year,2026-07-23T12:49:48,2026-07-23T21:49:48,unknown,Not stated - verify listing,Not automatable - verify at e-verify.gov,Full description not shown by LinkedIn for this listing (promoted/off-platform application) - open Apply to view full details.,https://www.linkedin.com/jobs/view/4436339189/
Software Engineer / Full Stack Developer,Senior Backend Engineer - Lodging and Cars,Hopper,"Dallas, TX",Remote,Full-time,,,USD,year,2026-07-23T05:49:48,2026-07-23T21:49:48,unknown,Not stated - verify listing,Not automatable - verify at e-verify.gov,Full description not shown by LinkedIn for this listing (promoted/off-platform application) - open Apply to view full details.,https://www.linkedin.com/jobs/view/4435020582/
Software Engineer / Full Stack Developer,Full Stack Software Engineer,McKesson,"Texas, United States",Remote,Full-time,,,USD,year,2026-07-23T11:49:48,2026-07-23T21:49:48,unknown,Not stated - verify listing,Not automatable - verify at e-verify.gov,Full description not shown by LinkedIn for this listing (promoted/off-platform application) - open Apply to view full details.,https://www.linkedin.com/jobs/view/4444472600/
Software Engineer / Full Stack Developer,Sr Engineer - Platform,The Wendy's Company,"Dublin, OH",Remote,Full-time,,,USD,year,2026-07-23T05:49:48,2026-07-23T21:49:48,unknown,Not stated - verify listing,Not automatable - verify at e-verify.gov,Full description not shown by LinkedIn for this listing (promoted/off-platform application) - open Apply to view full details.,https://www.linkedin.com/jobs/view/4426024224/
Software Engineer / Full Stack Developer,Full Stack Engineer | Remote,Crossing Hurdles,United States,Remote,Full-time,180000,250000,USD,year,2026-07-23T07:49:48,2026-07-23T21:49:48,unknown,Not stated - verify listing,Not automatable - verify at e-verify.gov,Full description not shown by LinkedIn for this listing (promoted/off-platform application) - open Apply to view full details.,https://www.linkedin.com/jobs/view/4435056181/
AI Engineer,AI Solutions Engineer,Affirm,"Raleigh, NC",Remote,Full-time,,,USD,year,2026-07-23T05:49:48,2026-07-23T21:49:48,unknown,Not stated - verify listing,Not automatable - verify at e-verify.gov,Full description not shown by LinkedIn for this listing (promoted/off-platform application) - open Apply to view full details.,https://www.linkedin.com/jobs/view/4434697972/
AI Engineer,AI/ML Software Engineer,FTI Defense - Frontier Technology Inc.,"Chesapeake, VA",Remote,Full-time,,,USD,year,2026-07-23T04:49:48,2026-07-23T21:49:48,unknown,Not stated - verify listing,Not automatable - verify at e-verify.gov,Full description not shown by LinkedIn for this listing (promoted/off-platform application) - open Apply to view full details.,https://www.linkedin.com/jobs/view/4427060680/
Data Engineer,Senior Data Engineer Con II,Allstate,United States,Remote,Full-time,,,USD,year,2026-07-23T16:49:48,2026-07-23T21:49:48,unknown,Not stated - verify listing,Not automatable - verify at e-verify.gov,Full description not shown by LinkedIn for this listing (promoted/off-platform application) - open Apply to view full details.,https://www.linkedin.com/jobs/view/4444026527/
Data Engineer,Software Engineer - Python,ArteraAI,United States,Remote,Full-time,,,USD,year,2026-07-23T11:49:48,2026-07-23T21:49:48,unknown,Not stated - verify listing,Not automatable - verify at e-verify.gov,Full description not shown by LinkedIn for this listing (promoted/off-platform application) - open Apply to view full details.,https://www.linkedin.com/jobs/view/4414765336/
Data Engineer,Data Engineer,CVS Health,"Austin, TX",Remote,Full-time,,,USD,year,2026-07-23T01:49:48,2026-07-23T21:49:48,unknown,Not stated - verify listing,Not automatable - verify at e-verify.gov,Full description not shown by LinkedIn for this listing (promoted/off-platform application) - open Apply to view full details.,https://www.linkedin.com/jobs/view/4443813187/
Data Center Technician,Data Center Technician II,Cirrascale Cloud Services,"Austin, TX",On-site,Full-time,33,38,USD,hour,2026-07-22T21:49:48,2026-07-23T21:49:48,unknown,Not stated - verify listing,Not automatable - verify at e-verify.gov,Full description not shown by LinkedIn for this listing (promoted/off-platform application) - open Apply to view full details.,https://www.linkedin.com/jobs/view/4444226553/
Data Center Technician,Engineering Operation Technician Night Role,Amazon Web Services (AWS),"Lubbock, TX",On-site,Full-time,,,USD,year,2026-07-23T19:49:48,2026-07-23T21:49:48,unknown,Not stated - verify listing,Not automatable - verify at e-verify.gov,Full description not shown by LinkedIn for this listing (promoted/off-platform application) - open Apply to view full details.,https://www.linkedin.com/jobs/view/4444761346/
Data Center Technician,Data Center FieldOps Technician (RunOps Technician),HCLTech,"Huntsville, AL",On-site,Full-time,54000,64000,USD,year,2026-07-23T17:49:48,2026-07-23T21:49:48,unknown,Not stated - verify listing,Not automatable - verify at e-verify.gov,Full description not shown by LinkedIn for this listing (promoted/off-platform application) - open Apply to view full details.,https://www.linkedin.com/jobs/view/4444731948/
Data Center Technician,Information Technology Technician,TechSyncSystems,"San Antonio, TX",Hybrid,Full-time,,,USD,year,2026-07-23T19:49:48,2026-07-23T21:49:48,unknown,Not stated - verify listing,Not automatable - verify at e-verify.gov,Full description not shown by LinkedIn for this listing (promoted/off-platform application) - open Apply to view full details.,https://www.linkedin.com/jobs/view/4444034976/
Data Center Technician,Data Center Mechanical Engineer,Google,"Lincoln, NE",On-site,Full-time,,,USD,year,2026-07-23T14:49:48,2026-07-23T21:49:48,unknown,Not stated - verify listing,Not automatable - verify at e-verify.gov,Full description not shown by LinkedIn for this listing (promoted/off-platform application) - open Apply to view full details.,https://www.linkedin.com/jobs/view/4444024104/
Data Scientist,Sr Data Scientist,Amgen,United States,Remote,Full-time,,,USD,year,2026-07-23T10:49:48,2026-07-23T21:49:48,unknown,Not stated - verify listing,Not automatable - verify at e-verify.gov,Full description not shown by LinkedIn for this listing (promoted/off-platform application) - open Apply to view full details.,https://www.linkedin.com/jobs/view/4444457646/
Software Engineer / Full Stack Developer,Senior Software Engineer - Customer Experience Platform,Hopper,"Chicago, IL",Remote,Full-time,150000,300000,USD,year,2026-07-23T06:30:30,2026-07-23T23:30:30,unknown,Not stated - verify listing,Not automatable - verify at e-verify.gov,Full description not shown by LinkedIn for this listing (promoted/off-platform application) - open Apply to view full details.,https://www.linkedin.com/jobs/view/4328292615/
Software Engineer / Full Stack Developer,Full Stack Software Engineer,Netrolynx AI,United States,Remote,Unknown - check listing,,,USD,year,2026-07-23T23:30:30,2026-07-23T23:30:30,unknown,Not stated - verify listing,Not automatable - verify at e-verify.gov,Full description not shown by LinkedIn for this listing (promoted/off-platform application) - open Apply to view full details.,https://www.linkedin.com/jobs/view/4444705580/
Software Engineer / Full Stack Developer,"Backend Engineer, Core Technology",Stripe,United States,Remote,Unknown - check listing,,,USD,year,2026-07-23T23:30:30,2026-07-23T23:30:30,unknown,Not stated - verify listing,Not automatable - verify at e-verify.gov,Full description not shown by LinkedIn for this listing (promoted/off-platform application) - open Apply to view full details.,https://www.linkedin.com/jobs/view/4413492633/
AI Engineer,Senior Software Engineer - AI/ML (Remote),Quik Hire Staffing,United States,Remote,Unknown - check listing,40,85,USD,hour,2026-07-23T23:30:30,2026-07-23T23:30:30,unknown,Not stated - verify listing,Not automatable - verify at e-verify.gov,Full description not shown by LinkedIn for this listing (promoted/off-platform application) - open Apply to view full details.,https://www.linkedin.com/jobs/view/4444430762/
AI Engineer,AI Solutions Engineer,Affirm,"Nashville, TN",Remote,Unknown - check listing,,,USD,year,2026-07-23T23:30:30,2026-07-23T23:30:30,unknown,Not stated - verify listing,Not automatable - verify at e-verify.gov,Full description not shown by LinkedIn for this listing (promoted/off-platform application) - open Apply to view full details.,https://www.linkedin.com/jobs/view/4435010290/
Data Engineer,Data Engineer,Booz Allen Hamilton,"Belcamp, MD",Remote,Unknown - check listing,,,USD,year,2026-07-23T23:30:30,2026-07-23T23:30:30,unknown,Not stated - verify listing,Not automatable - verify at e-verify.gov,Full description not shown by LinkedIn for this listing (promoted/off-platform application) - open Apply to view full details.,https://www.linkedin.com/jobs/view/4324829210/
Data Engineer,Data Engineer - Senior Associate,PwC,"Dallas, TX",Hybrid,Unknown - check listing,,,USD,year,2026-07-23T23:30:30,2026-07-23T23:30:30,unknown,Not stated - verify listing,Not automatable - verify at e-verify.gov,Full description not shown by LinkedIn for this listing (promoted/off-platform application) - open Apply to view full details.,https://www.linkedin.com/jobs/view/4425876491/
Data Center Technician,Data Center Technician (MO),Experis,"Marshfield, MO",On-site,Unknown - check listing,,,USD,year,2026-07-23T23:30:30,2026-07-23T23:30:30,unknown,Not stated - verify listing,Not automatable - verify at e-verify.gov,Full description not shown by LinkedIn for this listing (promoted/off-platform application) - open Apply to view full details.,https://www.linkedin.com/jobs/view/4444025427/
Data Scientist,"Data Scientist, North Insights",Cohere,"San Francisco, CA",Remote,Unknown - check listing,,,USD,year,2026-07-23T23:30:30,2026-07-23T23:30:30,unknown,Not stated - verify listing,Not automatable - verify at e-verify.gov,Full description not shown by LinkedIn for this listing (promoted/off-platform application) - open Apply to view full details.,https://www.linkedin.com/jobs/view/4443825598/
